seed,window,Set,Model,ROC_AUC,ROC_AUC_CI_low,ROC_AUC_CI_high,PR_AP,PR_AP_CI_low,PR_AP_CI_high,Brier,Brier_CI_low,Brier_CI_high,Cal_slope,Cal_intercept,n_test
2,12-30,Snapshot only,Logistic,0.8793940526224685,0.8697326549755174,0.8887566504442738,0.8092083391173215,0.7919217745818825,0.8262184329196921,0.13031339852167526,0.12480680619506387,0.13552564167801043,0.14851925688787665,0.48366454606686893,3000
2,12-30,Snapshot+Change,Logistic,0.994267694264605,0.9928187036832776,0.9959340576909742,0.9909502886091425,0.9886748699816836,0.9931532369739782,0.02424781428697763,0.021054255567056306,0.027464873587586182,0.0664753455530149,0.4854467067896062,3000
