seed,window,Set,Model,ROC_AUC,ROC_AUC_CI_low,ROC_AUC_CI_high,PR_AP,PR_AP_CI_low,PR_AP_CI_high,Brier,Brier_CI_low,Brier_CI_high,Cal_slope,Cal_intercept,n_test
3,12-30,Snapshot only,Logistic,0.8788539111614735,0.8700122881317509,0.8881673769777588,0.8678886085320936,0.8559237997744428,0.8799656421554521,0.14013747601661244,0.13462614346847382,0.1453785498700088,0.1547408661543966,0.5155130445219236,3000
3,12-30,Snapshot+Change,Logistic,0.9930127554455459,0.9915430986883087,0.9945205407572282,0.9924964656441541,0.9908261834609723,0.9940049728282536,0.02901051602567676,0.025901057872288736,0.032083869388643556,0.06888208582631221,0.4871469502859918,3000
