seed,window,Set,Model,ROC_AUC,ROC_AUC_CI_low,ROC_AUC_CI_high,PR_AP,PR_AP_CI_low,PR_AP_CI_high,Brier,Brier_CI_low,Brier_CI_high,Cal_slope,Cal_intercept,n_test
1,12-30,Snapshot only,Logistic,0.8612988162407347,0.8512424496043739,0.872047700323242,0.7808390291897492,0.7629021175570235,0.7994533344836576,0.1396233807170092,0.13342833760787903,0.14514623228818366,0.1482914520822842,0.49513547345683856,3000
1,12-30,Snapshot+Change,Logistic,0.9904040515789603,0.9884371193247331,0.992274526072492,0.9839179015365528,0.9806271954972169,0.9869090989826276,0.033391286429456,0.02981933549409539,0.03699538899870395,0.06556983789836199,0.48852736763894034,3000
