seed,window,Set,Model,ROC_AUC,ROC_AUC_CI_low,ROC_AUC_CI_high,PR_AP,PR_AP_CI_low,PR_AP_CI_high,Brier,Brier_CI_low,Brier_CI_high,Cal_slope,Cal_intercept,n_test
2,6-24,Snapshot only,Logistic,0.8787665928207345,0.8689585033016648,0.8876885458936332,0.8380094248064692,0.823831199548923,0.8530983093261603,0.1370781466061868,0.1317671717437554,0.14274058167034537,0.1554282066618967,0.49064053644800715,3000
2,6-24,Snapshot+Change,Logistic,0.9801234829602475,0.9766237000231962,0.983716287062315,0.9727900094572091,0.9680774390034723,0.9779397833894625,0.04873263146652266,0.044668406140379424,0.05261701319784919,0.08875848456299082,0.49296952006064493,3000
