seed,window,Set,Model,ROC_AUC,ROC_AUC_CI_low,ROC_AUC_CI_high,PR_AP,PR_AP_CI_low,PR_AP_CI_high,Brier,Brier_CI_low,Brier_CI_high,Cal_slope,Cal_intercept,n_test
3,3-18,Snapshot only,Logistic,0.8788539111614735,0.8700122881317509,0.8881673769777588,0.8678886085320936,0.8559237997744428,0.8799656421554521,0.14013747601661244,0.13462614346847382,0.1453785498700088,0.1547408661543966,0.5155130445219236,3000
3,3-18,Snapshot+Change,Logistic,0.9495714111245666,0.9437729839870532,0.9553768254883558,0.9420216097431708,0.9343624584133077,0.9505576576767882,0.08557481543943701,0.08069987762106817,0.09062143290413285,0.11188818148350235,0.5028200205848526,3000
