seed,window,Set,Model,ROC_AUC,ROC_AUC_CI_low,ROC_AUC_CI_high,PR_AP,PR_AP_CI_low,PR_AP_CI_high,Brier,Brier_CI_low,Brier_CI_high,Cal_slope,Cal_intercept,n_test
3,6-24,Snapshot only,Logistic,0.8795346472325797,0.869728733819706,0.8892054996561972,0.8192591942078462,0.8020190925656886,0.8356842269536918,0.13024732946026854,0.12460186292080835,0.13597714651310894,0.14721538395016787,0.5040026377969908,3000
3,6-24,Snapshot+Change,Logistic,0.9750167062127743,0.9708611100880117,0.9788413170740499,0.9607857541563203,0.9541525531937163,0.9668644588942065,0.0541471122369546,0.04993284672226765,0.05835053444816843,0.08812277398890836,0.4950986777274671,3000
