seed,window,Set,Model,ROC_AUC,ROC_AUC_CI_low,ROC_AUC_CI_high,PR_AP,PR_AP_CI_low,PR_AP_CI_high,Brier,Brier_CI_low,Brier_CI_high,Cal_slope,Cal_intercept,n_test
1,3-18,Snapshot only,Logistic,0.8612988162407347,0.8512424496043739,0.872047700323242,0.7808390291897492,0.7629021175570235,0.7994533344836576,0.1396233807170092,0.13342833760787903,0.14514623228818366,0.1482914520822842,0.49513547345683856,3000
1,3-18,Snapshot+Change,Logistic,0.9359816105518065,0.9293490484309143,0.94251933276047,0.8770127310517685,0.8618196541919275,0.8919038025120617,0.0922689086063697,0.08690135714098965,0.09728089205937727,0.10622595011976174,0.49395808292895427,3000
