seed,window,Set,Model,ROC_AUC,ROC_AUC_CI_low,ROC_AUC_CI_high,PR_AP,PR_AP_CI_low,PR_AP_CI_high,Brier,Brier_CI_low,Brier_CI_high,Cal_slope,Cal_intercept,n_test
1,6-24,Snapshot only,Logistic,0.8654412464896661,0.8561237531507013,0.8763532023268363,0.8425396999671907,0.8291170031472913,0.8575501516461154,0.14787357091808628,0.14158202962641944,0.1530283833618907,0.15955113184228095,0.5058675654975685,3000
1,6-24,Snapshot+Change,Logistic,0.9713989769499308,0.9673197760732358,0.9754308905248047,0.965986377249718,0.960618877821464,0.9722607066429583,0.06118537178404804,0.05639588152545011,0.06583889115589496,0.08649570419127683,0.4979953652926405,3000
