seed,window,Set,Model,ROC_AUC,ROC_AUC_CI_low,ROC_AUC_CI_high,PR_AP,PR_AP_CI_low,PR_AP_CI_high,Brier,Brier_CI_low,Brier_CI_high,Cal_slope,Cal_intercept,n_test
2,3-18,Snapshot only,Logistic,0.8787665928207345,0.8689585033016648,0.8876885458936332,0.8380094248064692,0.823831199548923,0.8530983093261603,0.1370781466061868,0.1317671717437554,0.14274058167034537,0.1554282066618967,0.49064053644800715,3000
2,3-18,Snapshot+Change,Logistic,0.9543272838782646,0.9487275375713812,0.9594333340946075,0.9326810349719094,0.923128807126549,0.9422801530946369,0.07998998800975575,0.0754313510171247,0.08470966973751595,0.11315038271183121,0.4919577041940658,3000
