seed,window,Model,DeltaAUC,z,p_value,n
3,3-18,Logistic,0.07071749996309351,13.728965583426502,6.809882680317254e-43,3000
