seed,window,Model,DeltaAUC,z,p_value,n
2,6-24,Logistic,0.10135689013951277,17.309278439020833,4.004012152952331e-67,3000
