seed,window,Model,DeltaAUC,z,p_value,n
3,12-30,Logistic,0.11415884428407264,18.97137014215703,2.9413925724871267e-80,3000
