seed,window,Model,DeltaAUC,z,p_value,n
2,3-18,Logistic,0.07556069105753016,14.33274621897464,1.366098603468268e-46,3000
