seed,window,Model,DeltaAUC,z,p_value,n
1,6-24,Logistic,0.1059577304602648,17.572620454409883,3.992951359277049e-69,3000
