seed,window,Model,DeltaAUC,z,p_value,n
1,12-30,Logistic,0.1291052353382256,19.232361018738956,1.9838735001328216e-82,3000
