seed,window,Model,DeltaAUC,z,p_value,n
3,6-24,Logistic,0.0954820589801948,15.652236516049896,3.207462252623276e-55,3000
