seed,window,Model,DeltaAUC,z,p_value,n
1,3-18,Logistic,0.07468279431107172,12.677883476668558,7.842091814042364e-37,3000
