seed,window,Model,DeltaAUC,z,p_value,n
2,12-30,Logistic,0.11487364164213654,18.307490152381135,7.211816273672222e-75,3000
