seed,window,Model,DeltaAUC,z,p_value,n
1,12-30,Logistic,0.1291052353382256,19.232361018738956,1.9838735001328216e-82,3000
2,12-30,Logistic,0.11487364164213654,18.307490152381135,7.211816273672222e-75,3000
3,12-30,Logistic,0.11415884428407264,18.97137014215703,2.9413925724871267e-80,3000
1,3-18,Logistic,0.07468279431107172,12.677883476668558,7.842091814042364e-37,3000
2,3-18,Logistic,0.07556069105753016,14.33274621897464,1.366098603468268e-46,3000
3,3-18,Logistic,0.07071749996309351,13.728965583426502,6.809882680317254e-43,3000
1,6-24,Logistic,0.1059577304602648,17.572620454409883,3.992951359277049e-69,3000
2,6-24,Logistic,0.10135689013951277,17.309278439020833,4.004012152952331e-67,3000
3,6-24,Logistic,0.0954820589801948,15.652236516049896,3.207462252623276e-55,3000
